Year,Percentage of land
2019,57.77655
2020,57.547302
2021,57.03241
2022,56.606934
2023,56.181519
2024,55.756104
2025,55.330688
2026,54.905273
2027,54.479858
2028,54.054443
2029,53.629028
2030,53.203613
2031,52.778198
